{
    "swd.summon_sword": {
        "sounds": [
            "swd/summon_sword"
        ]
    },
    "swd.area": {
        "sounds": [
            "swd/area"
        ]
    },
    "swd.yamato.grab": {
        "sounds": [
            "swd/yamato/grab0",
            "swd/yamato/grab1",
            "swd/yamato/grab2"
        ]
    },
    "swd.yamato.guard": {
        "sounds": [
            "swd/yamato/guard"
        ]
    },
    "swd.yamato.guard_break": {
        "sounds": [
            "swd/yamato/guard_break"
        ]
    },
    "swd.yamato.jc_ready": {
        "sounds": [
            "swd/yamato/jc_ready"
        ]
    },
    "swd.yamato.jc": {
        "sounds": [
            "swd/yamato/jc"
        ]
    },
    "swd.yamato.pjc": {
        "sounds": [
            "swd/yamato/pjc"
        ]
    },
    "swd.yamato.rapid_slash": {
        "sounds": [
            "swd/yamato/rapid_slash0",
            "swd/yamato/rapid_slash1",
            "swd/yamato/rapid_slash2"
        ]
    },
    "swd.yamato.slash": {
        "sounds": [
            "swd/yamato/slash0",
            "swd/yamato/slash1",
            "swd/yamato/slash2"
        ]
    },
    "swd.exoscythe.grab": {
        "sounds": [
            "swd/exoscythe/grab0",
            "swd/exoscythe/grab1"
        ]
    },
    "swd.exoscythe.swish": {
        "sounds": [
            "swd/exoscythe/swish0",
            "swd/exoscythe/swish1",
            "swd/exoscythe/swish2",
            "swd/exoscythe/swish3"
        ]
    },
    "swd.exoscythe.return": {
        "sounds": [
            "swd/exoscythe/return0"
        ]
    }
}