{
    "swd.summon_sword": {
        "sounds": [
            "swd/summon_sword"
        ]
    },
    "swd.area": {
        "sounds": [
            "swd/area"
        ]
    },
    "swd.yamato.grab": {
        "sounds": [
            "swd/yamato/grab"
        ]
    },
    "swd.yamato.guard": {
        "sounds": [
            "swd/yamato/guard"
        ]
    },
    "swd.yamato.guard_break": {
        "sounds": [
            "swd/yamato/guard_break"
        ]
    },
    "swd.yamato.jc_ready": {
        "sounds": [
            "swd/yamato/jc_ready"
        ]
    },
    "swd.yamato.jc": {
        "sounds": [
            "swd/yamato/jc"
        ]
    },
    "swd.yamato.pjc": {
        "sounds": [
            "swd/yamato/pjc"
        ]
    },
    "swd.yamato.rapid_slash": {
        "sounds": [
            "swd/yamato/rapid_slash"
        ]
    },
    "swd.yamato.slash": {
        "sounds": [
            "swd/yamato/slash"
        ]
    }
}