{
    "model": {
        "type": "select",
        "property": "custom_model_data",
        "fallback": {
            "type": "model",
            "model": "item/netherite_sword"
        },
        "cases": [
            {
                "when": "frostburn",
                "model": {
                    "type": "select",
                    "property": "display_context",
                    "cases": [
                        {
                            "when": "firstperson_righthand",
                            "model": {
                                "type": "condition",
                                "property": "using_item",
                                "on_true": {
                                    "type": "model",
                                    "model": "item/frostburn_blocking"
                                },
                                "on_false": {
                                    "type": "model",
                                    "model": "item/frostburn"
                                }
                            }
                        },
                        {
                            "when": "firstperson_lefthand",
                            "model": {
                                "type": "condition",
                                "property": "using_item",
                                "on_true": {
                                    "type": "model",
                                    "model": "item/frostburn_sheath_blocking"
                                },
                                "on_false": {
                                    "type": "model",
                                    "model": "item/frostburn_sheath"
                                }
                            }
                        },
                        {
                            "when": "thirdperson_righthand",
                            "model": {
                                "type": "condition",
                                "property": "using_item",
                                "on_true": {
                                    "type": "model",
                                    "model": "item/frostburn_blocking"
                                },
                                "on_false": {
                                    "type": "model",
                                    "model": "item/frostburn"
                                }
                            }
                        },
                        {
                            "when": "thirdperson_lefthand",
                            "model": {
                                "type": "condition",
                                "property": "using_item",
                                "on_true": {
                                    "type": "model",
                                    "model": "item/frostburn_sheath_blocking"
                                },
                                "on_false": {
                                    "type": "model",
                                    "model": "item/frostburn_sheath"
                                }
                            }
                        },
                        {
                            "when": "gui",
                            "model": {
                                "type": "model",
                                "model": "item/frostburn_sheath"
                            }
                        },
                        {
                            "when": "ground",
                            "model": {
                                "type": "model",
                                "model": "item/frostburn_sheath"
                            }
                        }
                        ,
                        {
                            "when": "fixed",
                            "model": {
                                "type": "model",
                                "model": "item/frostburn_sheath"
                            }
                        }
                    ]
                }
            },
            {
                "when": "exoscythe",
                "model": {
                    "type": "model",
                    "model": "item/exoscythe"
                }
            },
            {
                "when": "portalblade",
                "model": {
                    "type": "model",
                    "model": "item/upgraded_portalblade"
                }
            }
        ]
    }
}