{
  "parent": "minecraft:item/generated",
  "display": {
        "thirdperson_righthand": {
            "rotation": [ 0, -90, 45 ],
            "translation": [ 0, 1.0, 2.5 ],
            "scale": [ 1.85, 1.85, 1.85 ]
        },
        "thirdperson_lefthand": {
            "rotation": [ 75, 0, -30 ],
            "translation": [ -8, -5, 12.5 ],
            "scale": [ 1.85, 1.85, 1.85 ]
        },
        "firstperson_righthand": {
            "rotation": [ 0, -90, 60 ],
            "translation": [ 1.13, 3.2, 1.13 ],
            "scale": [ 1, 1, 1 ]
        },
        "firstperson_lefthand": {
            "rotation": [ 0, 45, -30 ],
            "translation": [ -5, 5, 10 ],
            "scale": [ 1, 1, 1 ]
        },
        "ground": {
            "scale": [ 0.8, 0.8, 0.8 ]
        }
  },
  "textures": {
    "layer0": "item/exoscythe"
  }
}