{
    "model": {
        "type": "select",
        "property": "custom_model_data",
        "fallback": {
            "type": "model",
            "model": "item/diamond_sword"
        },
        "cases": [
            {
                "when": "ice_sword",
                "model": {
                    "type": "model",
                    "model": "item/ice_sword"
                }
            },
            {
                "when": "portalblade",
                "model": {
                    "type": "model",
                    "model": "item/portalblade"
                }
            }
        ]
    }
}