{
    "model": {
        "type": "select",
        "property": "custom_model_data",
        "fallback": {
            "type": "model",
            "model": "item/mojang_banner_pattern"
        },
        "cases": [
            {
                "when": "mana_upgrade",
                "model": {
                    "type": "condition",
                    "property": "using_item",
                    "on_true": {
                        "type": "model",
                        "model": "item/mana_upgrade_using"
                    },
                    "on_false": {
                        "type": "model",
                        "model": "item/mana_upgrade"
                    }
                }
            },
            {
                "when": "advanced_mana_upgrade",
                "model": {
                    "type": "condition",
                    "property": "using_item",
                    "on_true": {
                        "type": "model",
                        "model": "item/advanced_mana_upgrade_using"
                    },
                    "on_false": {
                        "type": "model",
                        "model": "item/advanced_mana_upgrade"
                    }
                }
            },
            {
                "when": "final_mana_upgrade",
                "model": {
                    "type": "condition",
                    "property": "using_item",
                    "on_true": {
                        "type": "model",
                        "model": "item/final_mana_upgrade_using"
                    },
                    "on_false": {
                        "type": "model",
                        "model": "item/final_mana_upgrade"
                    }
                }
            }
        ]
    }
}