{
    "model": {
        "type": "select",
        "property": "custom_model_data",
        "fallback": {
            "type": "model",
            "model": "item/netherite_sword"
        },
        "cases": [
            {
                "when": "frostburn",
                "model": {
                    "type": "condition",
                    "property": "using_item",
                    "on_true": {
                        "type": "model",
                        "model": "item/frostburn_blocking"
                    },
                    "on_false": {
                        "type": "model",
                        "model": "item/frostburn"
                    }
                }
            },
            {
                "when": "exoscythe",
                "model": {
                    "type": "model",
                    "model": "item/exoscythe"
                }
            },
            {
                "when": "portalblade",
                "model": {
                    "type": "model",
                    "model": "item/upgraded_portalblade"
                }
            }
        ]
    }
}