{
  "parent": "minecraft:item/generated",
  "display": {
        "thirdperson_righthand": {
            "rotation": [ 0, -90, 45 ],
            "translation": [ 0, 8, 2.5 ],
            "scale": [ 1.5, 1.3, 1 ]
        },
        "thirdperson_lefthand": {
            "rotation": [ 0, 90, 125 ],
            "translation": [ 0, -6.5, 2 ],
            "scale": [ 1.5, 1.3, 1 ]
        },
        "firstperson_righthand": {
            "rotation": [ 0, -90, 60 ],
            "translation": [ 1.13, 6, 1.13 ],
            "scale": [ 1.0, 0.8, 0.6 ]
        },
        "firstperson_lefthand": {
            "rotation": [ 0, 90, 90 ],
            "translation": [ 5.13, -3, 1.13 ],
            "scale": [ 1.2, 1.0, 0.8 ]
        }
  },
  "textures": {
    "layer0": "item/frostburn"
  }
}