{
    "parent": "minecraft:item/generated",
    "display": {
        "thirdperson_righthand": {
            "rotation": [ 0, -90, 45 ],
            "translation": [ 0, 3.0, 2.5 ],
            "scale": [ 1, 1, 1 ]
        },
        "thirdperson_lefthand": {
            "rotation": [ 0, 90, -45 ],
            "translation": [ 0, 3.0, 2.5 ],
            "scale": [ 1, 1, 1 ]
        },
        "firstperson_righthand": {
            "rotation": [ 0, -90, 60 ],
            "translation": [ 1.13, 3.2, 1.13 ],
            "scale": [ 0.8, 0.8, 0.8 ]
        },
        "firstperson_lefthand": {
            "rotation": [ 0, 90, -60 ],
            "translation": [ 1.13, 3.2, 1.13 ],
            "scale": [ 0.8, 0.8, 0.8 ]
        },
        "ground": {
            "scale": [ 0.6, 0.6, 0.6 ]
        }
  },
    "textures": {
        "layer0": "item/groot"
    }
}