{
  "parent": "minecraft:item/generated",
  "display": {
        "thirdperson_lefthand": {
            "rotation": [ 0, 90, 125 ],
            "translation": [ 0, -5.5, 2 ],
            "scale": [ 1.5, 1.3, 1 ]
        },
        "firstperson_lefthand": {
            "rotation": [ 0, 90, 90 ],
            "translation": [ 5.13, -3, 1.13 ],
            "scale": [ 1.2, 1.0, 0.8 ]
        },
        "gui": {
          "rotation": [ 180, 0, 90 ]
        },
        "ground": {
          "rotation": [ 180, 0, 90 ],
          "scale": [ 0.7, 0.7, 0.7 ]
        },
        "fixed": {
          "rotation": [ 180, 0, 90 ]
        }
  },
  "textures": {
    "layer0": "item/yamato_sheath"
  }
}